"","Row.names","baseMean","log2FoldChange","lfcSE","stat","pvalue","padj","pfam","GO","KEGG","KEGG.function","Ppe_ID","Evalue","Best.hit.arabi.name","arabi.symbol","arabi.defline"
"1","Cm_g10178",2.21752769945423,6.7452762271303,1.76367403662946,3.25756126574843,0.00112373997950814,0.0454412354213603,NA,NA,NA,NA,"Prupe.4G146200",1.41e-122,"AT1G78380.1","ATGSTU19,GST8,GSTU19","glutathione S-transferase TAU 19"
"2","Cm_g10281",12.2612953930047,6.0734914616666,1.33112178693278,3.81144047935472,0.000138159324955262,0.00881300820735746,"Thaumatin family","",NA,NA,"Prupe.5G093600",9.78e-97,"AT4G11650.1","ATOSM34,OSM34","osmotin 34"
"3","Cm_g10360",6.18799958483373,5.89577452430823,1.24644551178655,3.92778864219347,8.57305004466039e-05,0.00597343748496414,NA,NA,NA,NA,"Prupe.6G013200",3.27e-163,"AT5G06720.1","ATPA2,PA2","peroxidase 2"
"4","Cm_g10408",53.4751150537892,9.35506098772587,1.09827923343169,7.60741051400888,2.79642007830095e-14,5.80251788856289e-11,NA,NA,NA,NA,NA,NA,NA,NA,NA
"5","Cm_g10671",4.63046825172381,6.54751776460438,1.35842346965028,4.08379116567573,4.43068519442278e-05,0.00348983882531144,NA,NA,NA,NA,"Prupe.7G162300",0,"AT3G51000.1","","alpha/beta-Hydrolases superfamily protein"
"6","Cm_g10672",7.08768075674365,6.09576813396696,1.08789719447559,4.68405301515952,2.81257210796281e-06,0.000353837196582321,NA,NA,NA,NA,"Prupe.7G162300",0,"AT3G51000.1","","alpha/beta-Hydrolases superfamily protein"
"7","Cm_g10743",10.4441255376514,8.87458767872057,1.20214516932718,6.55044655141596,5.73652858963166e-11,2.47435599832779e-08,NA,NA,"K05894"," OPR; 12-oxophytodienoic acid reductase [EC:1.3.1.42]","Prupe.1G549100",0,"AT1G76690.1","ATOPR2,OPR2","12-oxophytodienoate reductase 2"
"8","Cm_g11060",16.0163336439652,9.36001670831911,1.15426512183024,7.24271794253231,4.39780917033771e-13,4.97941943311488e-10,NA,NA,NA,NA,"Prupe.4G245200",2.86e-08,"","",""
"9","Cm_g11307",16.1256714857209,3.01658510344422,0.568751070198075,3.54563746621509,0.000391664641951868,0.0211172519452382,"Histone H2A/H2B/H3","GO:0000786|GO:0003677",NA,NA,"Prupe.1G369600",1.49e-96,"AT4G40030.2","","Histone superfamily protein"
"10","Cm_g11601",30.5281928767098,-7.99021173328097,2.09099503553364,-3.34300733119484,0.000828757103482632,0.0364411739968237,NA,NA,NA,NA,"Prupe.6G320800",4.82e-44,"AT5G16950.1","",""
"11","Cm_g11723",18.6051948959447,3.42590409266953,0.53374945489167,4.54502401911003,5.49289900261705e-06,0.000629806065388674,"Ribosomal protein L14P","GO:0003735|GO:0005840|GO:0006412",NA,NA,"Prupe.1G047000",3.07e-99,"AT2G33370.1","","Ribosomal protein L14p/L23e family protein"
"12","Cm_g12086",4.67868808130522,6.60891791114956,1.35540576646972,4.13818359778599,3.50066201927352e-05,0.00285666635770987,NA,NA,NA,NA,"Prupe.2G056300",0,"AT5G13750.1","ZIFL1","zinc induced facilitator-like 1"
"13","Cm_g12178",4.28987940521432,5.93084960481899,1.37768653623842,3.57907947498854,0.000344806606284302,0.0188148086730314,"NADP-dependent oxidoreductase domain","",NA,NA,"Prupe.1G175700",2.14e-68,"AT1G60710.1","ATB2","NAD(P)-linked oxidoreductase superfamily protein"
"14","Cm_g12498",13.4072968716568,3.26468003154141,0.689045972975171,3.2866893071923,0.00101372611170045,0.0421207849531315,"Ribosomal protein S6e","GO:0003735|GO:0005840|GO:0006412",NA,NA,"Prupe.1G521400",1.49e-172,"AT5G10360.1","EMB3010,RPS6B","Ribosomal protein S6e"
"15","Cm_g12777",14.3517142352256,8.87459011325959,1.16875292273979,6.73760036021982,1.6102371851654e-11,8.57972260189896e-09,NA,NA,NA,NA,"Prupe.7G269100",0,"AT1G26320.1","","Zinc-binding dehydrogenase family protein"
"16","Cm_g12793",8.23023257316355,3.86550946965983,0.818020948589744,3.50297810172212,0.000460087285798082,0.0236788104247672,"Ribosomal protein L29e","GO:0003735|GO:0005840|GO:0006412",NA,NA,"Prupe.1G122500",3.49e-33,"AT3G06680.1","","Ribosomal L29e protein family"
"17","Cm_g12804",7.41719963056434,8.47322249318141,1.25500489931702,5.95473571238515,2.60492438819668e-09,9.07515581087905e-07,NA,NA,NA,NA,"Prupe.4G146200",1.31e-118,"AT1G78380.1","ATGSTU19,GST8,GSTU19","glutathione S-transferase TAU 19"
"18","Cm_g12836",6.22424715251775,4.30674516556703,0.955371273817399,3.46121477188046,0.000537743618460536,0.0266168398689373,"Haem peroxidase","GO:0004601|GO:0006979|GO:0020037|GO:0055114",NA,NA,"Prupe.6G044000",1.71e-171,"AT5G05340.1","","Peroxidase superfamily protein"
"19","Cm_g13115",3.66733454094439,5.73164566734329,1.38709058568015,3.41120163037021,0.000646772443991519,0.030834025250922,"SANT/Myb domain","",NA,NA,"Prupe.5G222400",2.88e-119,"AT1G25340.1","AtMYB116,MYB116","myb domain protein 116"
"20","Cm_g13371",11.4797285271409,3.42162652025832,0.692840214206924,3.49521645915183,0.000473677435496321,0.0241043270265487,"Survival protein SurE-like phosphatase/nucleotidase","GO:0016787","K03787"," surE; 5-nucleotidase [EC:3.1.3.5]	0
g20875.t1	KeggGhostKoala	K03787	 surE; 5-nucleotidase [EC:3.1.3.5]","Prupe.1G013000",4.75e-152,"AT4G14930.1","","Survival protein SurE-like phosphatase/nucleotidase"
"21","Cm_g13402",5.75588373277446,8.13761681982504,1.30764843037811,5.45836071379002,4.80550623170711e-08,1.08820688617008e-05,"Xylanase inhibitor, C-terminal","",NA,NA,"Prupe.8G243100",0,"AT1G03220.1","","Eukaryotic aspartyl protease family protein"
"22","Cm_g13425",24.9734532181919,2.92909274673571,0.503947366825537,3.8279647314906,0.000129207265011204,0.00835971004622493,NA,NA,NA,NA,"Prupe.1G485300",5.21e-92,"AT5G23740.1","RPS11-BETA","ribosomal protein S11-beta"
"23","Cm_g14214",11.2329627843694,8.95475845894586,1.19288314697653,6.66851441325827,2.5840567766649e-11,1.17031931415153e-08,NA,NA,NA,NA,"Prupe.1G124300",0,"AT4G15960.1","","alpha/beta-Hydrolases superfamily protein"
"24","Cm_g15981",8.07790925755745,3.91295061565808,0.827089816172923,3.5219277987689,0.000428420808321986,0.0224314201258991,"S-adenosylmethionine decarboxylase","GO:0004014|GO:0006597|GO:0008295",NA,NA,"Prupe.1G299500",1.42e-131,"AT3G25570.2","","Adenosylmethionine decarboxylase family protein"
"25","Cm_g16121",108.650262776585,-3.32040737910307,0.50213147472686,-4.62111517778342,3.81682788541696e-06,0.000454905618238247,"Sieve element occlusion, N-terminal","",NA,NA,"Prupe.1G028400",0,"AT3G01680.1","",""
"26","Cm_g16182",4.22665066837118,7.74529139081824,1.40647986625278,4.7958677210143,1.61972143467823e-06,0.000225714411620237,"Cytochrome P450","GO:0005506|GO:0016705|GO:0020037|GO:0055114","K13260"," CYP81E1_7; isoflavone/4-methoxyisoflavone 2-hydroxylase [EC:1.14.14.90 1.14.14.89]","Prupe.6G227100",0,"AT4G37370.1","CYP81D8","cytochrome P450, family 81, subfamily D, polypeptide 8"
"27","Cm_g16324",4.30297256552187,7.69949222839832,1.39087277561853,4.81675416029265,1.45912275765466e-06,0.000206511467794311,"Bet v I/Major latex protein","GO:0006952",NA,NA,"Prupe.1G129000",2.14e-97,"AT1G24020.2","MLP423","MLP-like protein 423"
"28","Cm_g16349",5.60633172040393,5.72791049683447,1.25243599654059,3.7749717429822,0.000160025802181002,0.00992817613805146,NA,NA,NA,NA,"Prupe.1G377300",3.81e-153,"AT4G39230.1","","NmrA-like negative transcriptional regulator family protein"
"29","Cm_g16433",3.26038300293773,6.27187618312318,1.49439223699457,3.52777273102385,0.000419071797919479,0.0220694903811316,NA,NA,NA,NA,NA,NA,NA,NA,NA
"30","Cm_g16434",9.70087898558853,8.09004689500384,1.20910466147793,5.86388186307826,4.52169245390118e-09,1.44186510482792e-06,NA,NA,NA,NA,"Prupe.1G552700",2.8e-06,"AT1G72060.1","","serine-type endopeptidase inhibitors"
"31","Cm_g16609",7.82268862435728,3.67464178876787,0.828829038932111,3.22701264450623,0.00125089932215732,0.0486293822321932,"DREPP family","GO:0046658",NA,NA,"Prupe.4G121100",3.01e-62,"AT4G20260.6","ATPCAP1,PCAP1","plasma-membrane associated cation-binding protein 1"
"32","Cm_g16714",7.04796279680563,3.91924220684406,0.899516208978855,3.24534697396729,0.00117307593833828,0.0459987958851436,"Leucine-rich repeat","GO:0005515",NA,NA,"Prupe.4G158000",0,"AT1G53430.1","","Leucine-rich repeat transmembrane protein kinase"
"33","Cm_g16821",18.3779810398541,4.4233613783066,0.633795887657708,5.40136256004779,6.61366012531921e-08,1.46113496134491e-05,NA,NA,NA,NA,NA,NA,NA,NA,NA
"34","Cm_g16858",100.572360250836,2.66753918538005,0.387296212111557,4.30559125866105,1.66540315598859e-05,0.00159139412128373,NA,NA,NA,NA,NA,NA,NA,NA,NA
"35","Cm_g16883",11.7585294424019,5.20592442590524,0.790454115197158,5.32089636203131,1.0325721666482e-07,2.07845304122209e-05,"NADP-dependent oxidoreductase domain","",NA,NA,"Prupe.6G141300",0,"AT1G60710.1","ATB2","NAD(P)-linked oxidoreductase superfamily protein"
"36","Cm_g16887",7.39384354826011,7.44574529730498,1.27156051676219,5.06916124898087,3.99572608896364e-07,6.82892205921371e-05,"NADP-dependent oxidoreductase domain","",NA,NA,"Prupe.6G141300",0,"AT1G60710.1","ATB2","NAD(P)-linked oxidoreductase superfamily protein"
"37","Cm_g16922",22.7430121974035,2.71306765583586,0.499646049365365,3.42856239534316,0.000606787038680292,0.0293918555955406,NA,NA,NA,NA,"Prupe.4G058300",0,"AT5G01320.1","","Thiamine pyrophosphate dependent pyruvate decarboxylase family protein"
"38","Cm_g18400",25.1599244469428,3.86579296295427,0.515308946038869,5.56131032652032,2.6775658380556e-08,6.55497063813719e-06,NA,NA,NA,NA,"Prupe.2G281100",2.68e-69,"AT5G62300.1","","Ribosomal protein S10p/S20e family protein"
"39","Cm_g18521",5.45651809068014,7.87458350346232,1.32321543022156,5.1953622565535,2.04321574951738e-07,3.85571838731841e-05,NA,NA,NA,NA,"Prupe.2G038100",8.25e-108,"AT3G27890.1","NQR","NADPH:quinone oxidoreductase"
"40","Cm_g18663",4.4815502143026,7.44574110590625,1.3584610088599,4.74488488360508,2.08624945240313e-06,0.000286321932422236,"Aminoglycoside phosphotransferase","",NA,NA,"Prupe.8G136000",0,"AT1G49820.1","ATMTK,MTK","S-methyl-5-thioribose kinase"
"41","Cm_g18790",15.303575950993,3.60574201511757,0.666727667930914,3.90825540989484,9.29649986168897e-05,0.00637937088993778,NA,NA,NA,NA,"Prupe.4G196500",2.05e-134,"AT4G27270.1","","Quinone reductase family protein"
"42","Cm_g18999",14.1654388828969,3.70491150266281,0.650697917888181,4.15693892404253,3.22540173397122e-05,0.00268033843177168,NA,NA,NA,NA,"Prupe.5G203100",1.3e-91,"AT5G61170.1","","Ribosomal protein S19e family protein"
"43","Cm_g19105",3.55150698527937,6.02145046697384,1.41781569227583,3.54168069540377,0.000397586438454302,0.0212580240359114,NA,NA,NA,NA,"Prupe.4G126600",5.28e-114,"AT5G23960.1","ATTPS21,TPS21","terpene synthase 21"
"44","Cm_g19105",3.55150698527937,6.02145046697384,1.41781569227583,3.54168069540377,0.000397586438454302,0.0212580240359114,NA,NA,NA,NA,"Prupe.4G126600",5.28e-114,"AT4G16740.1","ATTPS03,TPS03","terpene synthase 03"
"45","Cm_g19126",5.21115958147517,7.65219218713814,1.33039381935276,5.00016768747049,5.7280474425879e-07,8.79400910762054e-05,NA,NA,NA,NA,"Prupe.2G141000",0,"AT2G45220.1","","Plant invertase/pectin methylesterase inhibitor superfamily"
"46","Cm_g19175",9.58628590098584,8.89505022142739,1.21305850285034,6.50838372830023,7.59636716414955e-11,3.1276315351303e-08,NA,NA,NA,NA,"Prupe.3G032700",6.45e-160,"AT5G40990.1","GLIP1","GDSL lipase 1"
"47","Cm_g19545",62.3621629508943,2.90352241676312,0.407578111173283,4.67032542862399,3.00722949653376e-06,0.000368101145670308,"Ribosomal protein L5 eukaryotic/L18 archaeal, C-terminal","",NA,NA,"Prupe.7G266900",0,"AT5G39740.1","OLI7,RPL5B","ribosomal protein L5 B"
"48","Cm_g19545",62.3621629508943,2.90352241676312,0.407578111173283,4.67032542862399,3.00722949653376e-06,0.000368101145670308,"Ribosomal protein L5 eukaryotic/L18 archaeal, C-terminal","",NA,NA,"Prupe.7G266900",0,"AT5G39740.2","OLI7,RPL5B","ribosomal protein L5 B"
"49","Cm_g19676",30.4040464293057,3.68727893187398,0.479517145685975,5.60413523489276,2.09297252859787e-08,5.57592504824691e-06,"3-dehydroquinate dehydratase type I","GO:0003855","K13832"," aroDE, DHQ-SDH; 3-dehydroquinate dehydratase / shikimate dehydrogenase [EC:4.2.1.10 1.1.1.25]","Prupe.6G334000",0,"AT3G06350.1","EMB3004,MEE32","dehydroquinate dehydratase, putative / shikimate dehydrogenase, putative"
"50","Cm_g19678",30.6653048886116,3.17946208272365,0.521517587315766,4.1790768628557,2.92694757954481e-05,0.00250115954486008,"Quinate/shikimate 5-dehydrogenase/glutamyl-tRNA reductase","","K13832"," aroDE, DHQ-SDH; 3-dehydroquinate dehydratase / shikimate dehydrogenase [EC:4.2.1.10 1.1.1.25]","Prupe.6G334000",0,"AT3G06350.1","EMB3004,MEE32","dehydroquinate dehydratase, putative / shikimate dehydrogenase, putative"
"51","Cm_g20490",11.8702181996183,5.55266864908672,1.32359018526445,3.43963615004981,0.000582496715868624,0.0283669637222473,"ATPase, AAA-type, core","GO:0005524","K06027"," NSF, SEC18; vesicle-fusing ATPase [EC:3.6.4.6]","Prupe.4G047600",3.27e-146,"AT4G04910.1","NSF","AAA-type ATPase family protein"
"52","Cm_g20543",3.25938325763154,6.27187717089879,1.48157894043747,3.55828300943731,0.000373286989299266,0.0202469074794776,NA,NA,"K06892"," F6H1; feruloyl-CoA ortho-hydroxylase [EC:1.14.11.-]","Prupe.6G006000",1.71e-172,"AT3G13610.1","","2-oxoglutarate (2OG) and Fe(II)-dependent oxygenase superfamily protein"
"53","Cm_g20554",7.76750249118632,5.76765076530274,1.00695884112328,4.73470272129925,2.19376405564364e-06,0.0002888592040314,"Potassium transporter","GO:0015079|GO:0016020|GO:0071805","K03549"," kup; KUP system potassium uptake protein","Prupe.8G256200",0,"AT4G13420.1","ATHAK5,HAK5","high affinity K+ transporter 5"
"54","Cm_g20595",12.0085585773758,9.15469582253621,1.18401791987996,6.88730777264163,5.68581246482001e-12,3.67872066473854e-09,"Haem peroxidase","GO:0004601|GO:0006979|GO:0020037|GO:0055114",NA,NA,"Prupe.6G289400",1.24e-159,"AT5G05340.1","","Peroxidase superfamily protein"
"55","Cm_g21146",19.3418632122014,9.00124037098696,1.13767615146244,7.03296835457229,2.02185236493192e-12,1.66490352014121e-09,NA,NA,NA,NA,"Prupe.8G114200",3.32e-180,"AT3G19000.1","","2-oxoglutarate (2OG) and Fe(II)-dependent oxygenase superfamily protein"
"56","Cm_g21150",14.3988647629883,9.31516205062812,1.1626281260828,7.15203930137495,8.54980803148179e-13,7.74441611491621e-10,NA,NA,NA,NA,"Prupe.8G114200",0,"AT3G19000.1","","2-oxoglutarate (2OG) and Fe(II)-dependent oxygenase superfamily protein"
"57","Cm_g21169",5.13395953376901,4.37972726491827,1.0204196946499,3.31209529043618,0.000925999989239648,0.0396980488177888,NA,NA,NA,NA,"Prupe.5G004800",1.99e-160,"AT2G33590.1","","NAD(P)-binding Rossmann-fold superfamily protein"
"58","Cm_g21191",21.3349994663717,5.90113903055463,0.645749884385198,7.58984112745275,3.20297962495192e-14,5.80251788856289e-11,"Glutathione S-transferase, C-terminal","",NA,NA,"Prupe.6G265000",1.22e-89,"AT3G09270.1","ATGSTU8,GSTU8","glutathione S-transferase TAU 8"
"59","Cm_g2140",3.52845724460235,5.66121910089039,1.38748064631192,3.35948404994365,0.000780881588165657,0.0346726736549241,"Lateral organ boundaries, LOB","",NA,NA,"Prupe.6G093900",3.4e-97,"AT1G07900.1","LBD1","LOB domain-containing protein 1"
"60","Cm_g21637",8.86032551073788,3.57508603819075,0.773700329835324,3.32827315549786,0.00087386138973111,0.0380549830201173,NA,NA,"K01193"," INV, sacA; beta-fructofuranosidase [EC:3.2.1.26]","Prupe.3G009500",0,"AT3G13790.1","ATBFRUCT1,ATCWINV1","Glycosyl hydrolases family 32 protein"
"61","Cm_g21660",27.6403243491508,3.62948925377708,0.542893090142754,4.84347526524173,1.27587610789225e-06,0.000183442631512508,NA,NA,NA,NA,"Prupe.4G226000",5.98e-12,"","",""
"62","Cm_g21660",27.6403243491508,3.62948925377708,0.542893090142754,4.84347526524173,1.27587610789225e-06,0.000183442631512508,NA,NA,NA,NA,"Prupe.4G225700",2.05e-15,"","",""
"63","Cm_g21682",17.2950062110394,3.70610835888792,0.594411118506037,4.55258704731048,5.29902239527137e-06,0.000615365959697027,NA,NA,"K00058"," serA, PHGDH; D-3-phosphoglycerate dehydrogenase / 2-oxoglutarate reductase [EC:1.1.1.95 1.1.1.399]","Prupe.8G134300",0,"AT4G34200.1","EDA9","D-3-phosphoglycerate dehydrogenase"
"64","Cm_g21743",21.376310192382,3.37118246720258,0.657272538874014,3.60760921377409,0.000309031471605345,0.0172790559864273,"Ribosomal protein L5, C-terminal","",NA,NA,"Prupe.4G065200",2.12e-131,"AT3G58700.1","","Ribosomal L5P family protein"
"65","Cm_g21743",21.376310192382,3.37118246720258,0.657272538874014,3.60760921377409,0.000309031471605345,0.0172790559864273,"Ribosomal protein L5, C-terminal","",NA,NA,"Prupe.4G065200",2.12e-131,"AT2G42740.1","RPL16A","ribosomal protein large subunit 16A"
"66","Cm_g21950",9.18789363311186,7.15324424351042,1.22326251528393,5.03019112138998,4.89991161279086e-07,7.78656129625607e-05,NA,NA,"K13034"," ATCYSC1; L-3-cyanoalanine synthase/ cysteine synthase [EC:2.5.1.47 4.4.1.9]","Prupe.2G172800",0,"AT3G61440.1","ARATH;BSAS3;1,ATCYSC1,CYSC1","cysteine synthase C1"
"67","Cm_g22075",2.37749100095879,6.91519614848891,1.73793743366865,3.4035725532434,0.000665107468630727,0.0315101434912414,"UDP-glucuronosyl/UDP-glucosyltransferase","GO:0016758",NA,NA,"Prupe.6G211600",0,"AT2G43820.1","ATSAGT1,GT,SAGT1,SGT1,UGT74F2","UDP-glucosyltransferase 74F2"
"68","Cm_g22549",41.2841740965315,3.34076246411133,0.414925217438008,5.64140805556377,1.68665101346207e-08,4.77427652498107e-06,NA,NA,NA,NA,"Prupe.8G128100",9.51e-175,"AT4G34050.1","CCoAOMT1","S-adenosyl-L-methionine-dependent methyltransferases superfamily protein"
"69","Cm_g22639",14.5103737397797,3.13652835123532,0.656716150328723,3.25335131497203,0.00114052394743392,0.045518367616677,NA,NA,NA,NA,"Prupe.5G161300",0,"AT4G24780.2","","Pectin lyase-like superfamily protein"
"70","Cm_g22639",14.5103737397797,3.13652835123532,0.656716150328723,3.25335131497203,0.00114052394743392,0.045518367616677,NA,NA,NA,NA,"Prupe.5G161300",0,"AT5G63180.1","","Pectin lyase-like superfamily protein"
"71","Cm_g23445",18.617430674094,2.95405805180417,0.600327807184003,3.25498507385522,0.00113398325460288,0.045518367616677,"Ankyrin repeat-containing domain","",NA,NA,"Prupe.6G253500",0,"AT2G28840.1","XBAT31","XB3 ortholog 1 in Arabidopsis thaliana"
"72","Cm_g23752",3.17956970138841,6.65218577331367,1.53312455183483,3.68671010228697,0.000227171894813107,0.0133618378130982,"UDP-glucuronosyl/UDP-glucosyltransferase","GO:0016758","K13691"," SGT1; pathogen-inducible salicylic acid glucosyltransferase [EC:2.4.1.-]","Prupe.7G267900",0,"AT2G43820.1","ATSAGT1,GT,SAGT1,SGT1,UGT74F2","UDP-glucosyltransferase 74F2"
"73","Cm_g23896",27.1491616951781,3.29361940043083,0.527503859343029,4.34806183842405,1.37345883128538e-05,0.0013671197905256,NA,NA,NA,NA,"Prupe.8G210700",5.09e-118,"AT3G09270.1","ATGSTU8,GSTU8","glutathione S-transferase TAU 8"
"74","Cm_g24220",7.62926411470322,8.52666183020841,1.24982209289249,6.02218657600245,1.72076368354759e-09,6.23467097822964e-07,NA,NA,NA,NA,"Prupe.4G146200",4.26e-123,"AT1G78380.1","ATGSTU19,GST8,GSTU19","glutathione S-transferase TAU 19"
"75","Cm_g24475",13.4873253598683,3.77452315023655,0.681762328698027,4.06963399625659,4.7087051746069e-05,0.00363401846064993,"NAD-dependent epimerase/dehydratase","GO:0003824|GO:0050662",NA,NA,"Prupe.4G253700",0,"AT1G51410.1","","NAD(P)-binding Rossmann-fold superfamily protein"
"76","Cm_g24723",32.9497747909242,3.17778075701714,0.512777025411616,4.24703262645004,2.16620424538171e-05,0.00194272059947203,NA,NA,"K00031"," IDH1, IDH2, icd; isocitrate dehydrogenase [EC:1.1.1.42]","Prupe.3G015500",0,"AT1G65930.1","cICDH","cytosolic NADP+-dependent isocitrate dehydrogenase"
"77","Cm_g2475",107.151359536459,6.03005301493567,0.440288530999785,11.4244470631876,3.15658347571267e-30,2.85923331230054e-26,NA,NA,NA,NA,NA,NA,NA,NA,NA
"78","Cm_g2477",4.17315192504213,6.83276320996821,1.41999300034482,4.10759997306454,3.99791747855073e-05,0.0031879652638937,NA,NA,NA,NA,NA,NA,NA,NA,NA
"79","Cm_g25138",8.89066270665884,5.76506358057054,0.89403948947006,5.329813321104,9.83137703219052e-08,2.05003194868149e-05,NA,NA,"K00083"," E1.1.1.195; cinnamyl-alcohol dehydrogenase [EC:1.1.1.195]","Prupe.6G207500",0,"AT4G37990.1","ATCAD8,CAD-B2,ELI3,ELI3-2","elicitor-activated gene 3-2"
"80","Cm_g25553",7.25800762168203,3.79271032849758,0.866175436090463,3.22418555425983,0.00126331512748861,0.0489021727555207,"Ribosomal protein L29/L35","GO:0003735|GO:0005840|GO:0006412",NA,NA,"Prupe.6G086600",1.78e-73,"AT2G39390.1","","Ribosomal L29 family protein "
"81","Cm_g25823",3.40378080901633,7.13761409846775,1.45829046905974,4.20877337450137,2.56760750938678e-05,0.00223628738654091,NA,NA,NA,NA,"Prupe.6G223400",0,"AT5G67400.1","RHS19","root hair specific 19"
"82","Cm_g25901",3.50681581160069,7.26885586116959,1.47333754595661,4.25486737806533,2.09172958155427e-05,0.00189468865497185,NA,NA,NA,NA,"Prupe.8G115000",1.67e-125,"AT3G50440.1","ATMES10,MES10","methyl esterase 10"
"83","Cm_g26070",5.81118293468601,5.23186349873233,1.02130462074111,4.14358597110965,3.41916807530536e-05,0.00281552949328327,"Glycoside hydrolase family 31","GO:0004553|GO:0005975",NA,NA,"Prupe.7G033900",0,"AT5G63840.1","PSL5,RSW3","Glycosyl hydrolases family 31  protein"
"84","Cm_g26070",5.81118293468601,5.23186349873233,1.02130462074111,4.14358597110965,3.41916807530536e-05,0.00281552949328327,"Glycoside hydrolase family 31","GO:0004553|GO:0005975",NA,NA,"Prupe.7G033900",0,"","",""
"85","Cm_g26070",5.81118293468601,5.23186349873233,1.02130462074111,4.14358597110965,3.41916807530536e-05,0.00281552949328327,"Glycoside hydrolase family 31","GO:0004553|GO:0005975",NA,NA,"Prupe.7G033900",0,"AT3G45940.1","","Glycosyl hydrolases family 31  protein"
"86","Cm_g26110",3.26453061533502,6.91522220775038,1.4909324093452,3.96746503776672,7.26411644119257e-05,0.00515774210942944,"FAD-binding domain","GO:0071949",NA,NA,"Prupe.8G167700",0,"AT5G05320.1","","FAD/NAD(P)-binding oxidoreductase family protein"
"87","Cm_g26111",4.29837419800657,6.44574511458596,1.40514074990384,3.87558692249059,0.000106367999732682,0.00708442162925466,"FAD-binding domain","GO:0071949",NA,NA,"Prupe.8G167700",0,"AT5G05320.1","","FAD/NAD(P)-binding oxidoreductase family protein"
"88","Cm_g26457",2.89850282730201,6.91521523490838,1.57330203384153,3.75974549557099,0.000170086299753912,0.0103603537639001,NA,NA,"K00083"," E1.1.1.195; cinnamyl-alcohol dehydrogenase [EC:1.1.1.195]","Prupe.5G136800",0,"AT1G72680.1","ATCAD1,CAD1","cinnamyl-alcohol dehydrogenase"
"89","Cm_g26616",44.1934503251159,9.15278575954302,1.05244663888063,7.74650747919555,9.44544524350106e-15,2.85189476718775e-11,NA,NA,NA,NA,NA,NA,NA,NA,NA
"90","Cm_g26617",47.3866677769379,3.42684279932066,0.472224291420471,5.13917399721351,2.75948789623739e-07,4.99908827282366e-05,NA,NA,NA,NA,NA,NA,NA,NA,NA
"91","Cm_g2669",6.06724587545953,5.09812752061837,1.09014483314289,3.75925051059816,0.000170423129920635,0.0103603537639001,"Glycoside hydrolase family 9","GO:0004553|GO:0005975","K01179"," E3.2.1.4; endoglucanase [EC:3.2.1.4]","Prupe.5G131300",0,"AT1G02800.1","ATCEL2,CEL2","cellulase 2"
"92","Cm_g26708",3.3710732246125,7.06722238929966,1.49480505352053,4.05887200809916,4.93103302072851e-05,0.00369134686791395,NA,NA,NA,NA,"Prupe.2G141000",0,"AT2G45220.1","","Plant invertase/pectin methylesterase inhibitor superfamily"
"93","Cm_g2680",107.759079872106,-3.58024977175603,0.645695606016734,-3.99607763737695,6.44006214085409e-05,0.0046667266297485,"Glycoside hydrolase, family 13, N-terminal","GO:0004553|GO:0005975",NA,NA,"Prupe.1G354000",0,"AT5G03650.1","SBE2.2","starch branching enzyme 2.2"
"94","Cm_g26835",4.65419324463939,6.72439610868149,1.33876227664104,4.27588692074895,1.90377842970076e-05,0.00177848002507679,NA,NA,NA,NA,"Prupe.6G343900",2.41e-70,"AT3G04720.1","HEL,PR-4,PR4","pathogenesis-related 4"
"95","Cm_g26965",35.6955192995034,3.392053779035,0.445513226188363,5.36920934873354,7.90825767431465e-08,1.70554757176053e-05,NA,NA,"K01179"," E3.2.1.4; endoglucanase [EC:3.2.1.4]","Prupe.5G118000",0,"AT1G64390.1","AtGH9C2,GH9C2","glycosyl hydrolase 9C2"
"96","Cm_g2743",8.14870482291312,5.3403374494424,0.999270658707798,4.34350534724505,1.40227062812821e-05,0.00138062688582449,NA,NA,NA,NA,"Prupe.1G039900",6.69e-105,"AT2G29420.1","ATGSTU7,GST25,GSTU7","glutathione S-transferase tau 7"
"97","Cm_g27542",19.1195814482029,9.57819732361312,1.14012286223103,7.52392361190535,5.31564087394045e-14,8.02484583935876e-11,"Haem peroxidase","GO:0004601|GO:0006979|GO:0020037|GO:0055114",NA,NA,"Prupe.6G289400",6.61e-141,"AT5G05340.1","","Peroxidase superfamily protein"
"98","Cm_g2777",13.4792752419199,3.62374402544113,0.774911279543224,3.38586376880165,0.000709545983793453,0.0327911608224546,NA,NA,NA,NA,"Prupe.8G025400",2.3e-114,"AT5G14740.1","BETA CA2,CA18,CA2","carbonic anhydrase 2"
"99","Cm_g2778",4.94223723006937,6.88193522721544,1.34406706435507,4.37622153180117,1.20754289040177e-05,0.00124294585241582,NA,NA,NA,NA,"Prupe.8G025400",1.67e-115,"AT5G14740.1","BETA CA2,CA18,CA2","carbonic anhydrase 2"
"100","Cm_g27886",2.83542238386294,6.33025613755459,1.60373780759134,3.32364561858158,0.000888490226839316,0.0383790824485026,NA,NA,NA,NA,"Prupe.1G328800",8.51e-44,"AT1G70830.3","MLP28","MLP-like protein 28"
"101","Cm_g27903",17.5422872472019,6.41009236621923,0.792386912156421,6.82758925370949,8.63534032355963e-12,4.8886820406752e-09,"Dienelactone hydrolase","GO:0016787",NA,NA,"Prupe.1G149400",2.04e-100,"AT3G23600.1","","alpha/beta-Hydrolases superfamily protein"
"102","Cm_g27983",42.8644839708835,-3.8505050658223,0.845089749890824,-3.37302051786873,0.000743484121851038,0.0336809833838528,"Heat shock protein 70 family","","K03283"," HSPA1s; heat shock 70kDa protein 1/2/6/8","Prupe.2G233500",3.46e-150,"AT3G12580.1","ATHSP70,HSP70","heat shock protein 70"
"103","Cm_g28262",14.3768239002084,3.40214934013888,0.664765926890165,3.61352657073799,0.000302060384897971,0.0169941799155641,NA,NA,"K03626"," EGD2, NACA; nascent polypeptide-associated complex subunit alpha","Prupe.2G049200",1.64e-117,"AT3G12390.1","","Nascent polypeptide-associated complex (NAC), alpha subunit family protein"
"104","Cm_g28354",13.1031080611271,5.37680886395858,1.36067267754128,3.21665080529685,0.00129696350985923,0.0497792181029869,NA,NA,NA,NA,NA,NA,NA,NA,NA
"105","Cm_g28390",3.89430331972357,7.3891541339976,1.40855935000657,4.53594953877363,5.73448911240614e-06,0.000649287529752186,"Glycoside hydrolase, family 19, catalytic","GO:0004568|GO:0006032|GO:0016998",NA,NA,"Prupe.7G178500",1.98e-144,"AT3G12500.1","ATHCHIB,B-CHI,CHI-B,HCHIB,PR-3,PR3","basic chitinase"
"106","Cm_g28442",8.55726478797295,3.77667353172227,0.756071000838516,3.67250367841488,0.000240185692888724,0.0140361419753939,NA,NA,"K14379"," ACP5; tartrate-resistant acid phosphatase type 5 [EC:3.1.3.2]","Prupe.5G237900",0,"AT3G17790.1","ATACP5,ATPAP17,PAP17","purple acid phosphatase 17"
"107","Cm_g28585",13.2709294336153,5.41402742838363,0.742294506352519,5.94646382346711,2.73997055200316e-09,9.19209380001654e-07,NA,NA,NA,NA,"Prupe.8G174900",0,"AT3G12500.1","ATHCHIB,B-CHI,CHI-B,HCHIB,PR-3,PR3","basic chitinase"
"108","Cm_g28985",28.2305062058036,3.10183648766822,0.551019856030865,3.81444781828422,0.00013648777201564,0.00876812935402601,NA,NA,NA,NA,"Prupe.2G007500",1.3e-123,"AT1G74050.1","","Ribosomal protein L6 family protein"
"109","Cm_g29415",23.2717977548411,3.34108058247262,0.559810738774205,4.18191438699227,2.89064823465728e-05,0.00249366587709768,NA,NA,NA,NA,"Prupe.7G083200",9.68e-112,"AT1G09590.1","","Translation protein SH3-like family protein"
"110","Cm_g2972",16.9176191967835,4.57431402395213,0.619404494410987,5.77056520610343,7.90060857122661e-09,2.30850685284421e-06,NA,NA,"K07088"," K07088; uncharacterized protein","Prupe.7G185200",0,"AT2G17500.4","","Auxin efflux carrier family protein"
"111","Cm_g2972",16.9176191967835,4.57431402395213,0.619404494410987,5.77056520610343,7.90060857122661e-09,2.30850685284421e-06,NA,NA,"K07088"," K07088; uncharacterized protein","Prupe.7G185200",0,"AT2G17500.3","","Auxin efflux carrier family protein"
"112","Cm_g2972",16.9176191967835,4.57431402395213,0.619404494410987,5.77056520610343,7.90060857122661e-09,2.30850685284421e-06,NA,NA,"K07088"," K07088; uncharacterized protein","Prupe.7G185200",0,"AT2G17500.1","","Auxin efflux carrier family protein"
"113","Cm_g2972",16.9176191967835,4.57431402395213,0.619404494410987,5.77056520610343,7.90060857122661e-09,2.30850685284421e-06,NA,NA,"K07088"," K07088; uncharacterized protein","Prupe.7G185200",0,"AT2G17500.2","","Auxin efflux carrier family protein"
"114","Cm_g30363",2.85250215127815,6.19387129144834,1.5398600102199,3.37295030520769,0.000743673733359523,0.0336809833838528,NA,NA,NA,NA,"Prupe.5G141300",8.74e-52,"AT5G61890.1","","Integrase-type DNA-binding superfamily protein"
"115","Cm_g30422",8.85650167184313,3.77217193990821,0.748913313935285,3.7015925452592,0.00021425048220746,0.0127676372883893,"Thioredoxin domain","GO:0045454","K05907"," APR; adenylyl-sulfate reductase (glutathione) [EC:1.8.4.9]","Prupe.4G019200",0,"AT4G21990.1","APR3,ATAPR3,PRH-26,PRH26","APS reductase 3"
"116","Cm_g30428",13.9714396048493,3.37613573831358,0.677741970023433,3.50595926386472,0.000454964845558776,0.0235489804061222,"Sugar phosphate transporter domain","",NA,NA,"Prupe.5G172100",0,"AT5G33320.1","ARAPPT,CUE1,PPT","Glucose-6-phosphate/phosphate translocator-related"
"117","Cm_g30536",6.46073439173568,5.2210447698524,0.999493005258142,4.22318590289906,2.40872976720153e-05,0.00211827905158364,NA,NA,NA,NA,"Prupe.1G156300",0,"AT5G26340.1","ATSTP13,MSS1,STP13","Major facilitator superfamily protein"
"118","Cm_g30660",32.102885728719,2.51904323144037,0.467402665130727,3.24996698727748,0.00115418406076961,0.0456532717137605,"Enolase, C-terminal TIM barrel domain","",NA,NA,"Prupe.7G118700",0,"AT2G36530.1","ENO2,LOS2","Enolase"
"119","Cm_g30925",2.9021625809036,7.06721653385495,1.56917411221435,3.86650307740112,0.000110407071413977,0.00729976096983798,"Chitin-binding, type 1","GO:0008061","K01183"," E3.2.1.14; chitinase [EC:3.2.1.14]","Prupe.1G204700",4.16e-145,"AT3G54420.1","ATCHITIV,ATEP3,CHIV,EP3","homolog of carrot EP3-3 chitinase"
"120","Cm_g31675",3.10407945503476,6.2718746564533,1.51627806517244,3.47685215366732,0.000507337493131442,0.0255303500710256,NA,NA,"K22133"," AAE3; oxalate---CoA ligase [EC:6.2.1.8]","Prupe.5G097700",0,"AT3G48990.1","","AMP-dependent synthetase and ligase family protein"
"121","Cm_g32320",18.4919283778534,8.85383281255552,1.14882873393784,6.83638263959064,8.12178345760958e-12,4.8886820406752e-09,NA,NA,NA,NA,"Prupe.8G174900",1.96e-158,"AT3G12500.1","ATHCHIB,B-CHI,CHI-B,HCHIB,PR-3,PR3","basic chitinase"
"122","Cm_g325",33.306592308873,2.68819748606928,0.499546687750407,3.37945887234621,0.000726286731657973,0.0332257839159491,"Ribosomal protein L13e","GO:0003735|GO:0005840|GO:0006412",NA,NA,"Prupe.2G323200",3.37e-97,"AT3G49010.1","ATBBC1,BBC1,RSU2","breast basic conserved 1"
"123","Cm_g325",33.306592308873,2.68819748606928,0.499546687750407,3.37945887234621,0.000726286731657973,0.0332257839159491,"Ribosomal protein L13e","GO:0003735|GO:0005840|GO:0006412",NA,NA,"Prupe.2G323200",3.37e-97,"AT3G49010.2","ATBBC1,BBC1,RSU2","breast basic conserved 1"
"124","Cm_g325",33.306592308873,2.68819748606928,0.499546687750407,3.37945887234621,0.000726286731657973,0.0332257839159491,"Ribosomal protein L13e","GO:0003735|GO:0005840|GO:0006412",NA,NA,"Prupe.2G323200",3.37e-97,"AT3G49010.3","ATBBC1,BBC1,RSU2","breast basic conserved 1"
"125","Cm_g32545",4.14158231417683,5.39455228194537,1.34250804348948,3.27338990872854,0.0010626577767794,0.0433583519912965,NA,NA,NA,NA,"Prupe.4G216900",0,"AT4G26910.1","","Dihydrolipoamide succinyltransferase"
"126","Cm_g32605",16.879878836976,2.89054842589843,0.573827546462053,3.29462821635986,0.00098551973505172,0.0413279525930485,NA,NA,NA,NA,"Prupe.3G196800",0,"AT5G48230.2","ACAT2,EMB1276","acetoacetyl-CoA thiolase 2"
"127","Cm_g32605",16.879878836976,2.89054842589843,0.573827546462053,3.29462821635986,0.00098551973505172,0.0413279525930485,NA,NA,NA,NA,"Prupe.3G196800",0,"AT5G47720.2","","Thiolase family protein"
"128","Cm_g3261",86.0614095932169,-4.69113083481166,0.77968357685991,-4.73413952064667,2.19986368798552e-06,0.0002888592040314,"ABA/WDS induced protein","",NA,NA,"Prupe.8G034200",3.66e-31,"","",""
"129","Cm_g32746",3.71664607937104,6.66780630179293,1.42178427133386,3.98640385610373,6.70822922709783e-05,0.00482247145548033,NA,NA,NA,NA,"Prupe.1G329000",1.09e-52,"AT1G70830.3","MLP28","MLP-like protein 28"
"130","Cm_g3285",15.3024681982241,3.62641628263676,0.609978437460158,4.30575266491827,1.66418918371361e-05,0.00159139412128373,NA,NA,NA,NA,"Prupe.1G004800",0,"AT3G24170.2","ATGR1,GR1","glutathione-disulfide reductase"
"131","Cm_g32861",11.3626496934825,3.48110900960094,0.733501279785283,3.3825558018484,0.000718146863967725,0.0330201740803028,NA,NA,NA,NA,"Prupe.2G078900",0,"AT3G54250.1","","GHMP kinase family protein"
"132","Cm_g33354",14.4744002116257,3.6137337762528,0.612260491342818,4.2689897734873,1.96360270270058e-05,0.00181492992663897,NA,NA,NA,NA,"Prupe.4G079200",1.88e-126,"AT2G34480.1","","Ribosomal protein L18ae/LX family protein"
"133","Cm_g33507",11.0062857357678,3.74745919469369,0.729131388556301,3.76812634569708,0.00016447745366425,0.0101349440495971,"Multicopper oxidase, type 2","GO:0005507|GO:0016491|GO:0055114","K05909"," E1.10.3.2; laccase [EC:1.10.3.2]","Prupe.8G047000",0,"AT5G09360.1","LAC14","laccase 14"
"134","Cm_g3437",3.17956970138841,6.65218577331367,1.53312455183483,3.68671010228697,0.000227171894813107,0.0133618378130982,"","","K08081"," TR1; tropinone reductase I [EC:1.1.1.206]","Prupe.6G069000",8.05e-152,"AT2G29360.1","","NAD(P)-binding Rossmann-fold superfamily protein"
"135","Cm_g3440",10.1489280387189,8.44574585108479,1.207174684515,6.16791086376718,6.91981309672708e-10,2.61165279292308e-07,"","","K08081"," TR1; tropinone reductase I [EC:1.1.1.206]","Prupe.6G069000",1.72e-150,"AT2G29360.1","","NAD(P)-binding Rossmann-fold superfamily protein"
"136","Cm_g34400",16.8128136591231,8.9546966400418,1.1487542446385,6.92462872469741,4.37120409101593e-12,3.04572051203248e-09,NA,NA,NA,NA,"Prupe.3G032700",8.52e-158,"AT5G40990.1","GLIP1","GDSL lipase 1"
"137","Cm_g34557",16.3922818638146,8.68217247326724,1.14651025690665,6.70048298913103,2.07731782392261e-11,1.04535249161617e-08,NA,NA,"K05909"," E1.10.3.2; laccase [EC:1.10.3.2]","Prupe.6G242000",0,"AT5G09360.1","LAC14","laccase 14"
"138","Cm_g34566",5.51227902691605,7.95475354208329,1.31967328603387,5.27005707828265,1.36381342108453e-07,2.68552651482254e-05,NA,NA,"K05894"," OPR; 12-oxophytodienoic acid reductase [EC:1.3.1.42]","Prupe.1G549100",0,"AT1G76690.1","ATOPR2,OPR2","12-oxophytodienoate reductase 2"
"139","Cm_g34665",3.14868845279285,7.26885159843782,1.50503701434946,4.16524745814804,3.11015031918542e-05,0.00260849459177607,NA,NA,NA,NA,"Prupe.1G520100",0,"AT1G22360.1","AtUGT85A2,UGT85A2","UDP-glucosyl transferase 85A2"
"140","Cm_g34842",6.70773455838864,4.81945332624792,1.02487795667849,3.72673965847243,0.000193972630925803,0.0116357886816286,NA,NA,NA,NA,"Prupe.4G065200",6.74e-130,"AT2G42740.1","RPL16A","ribosomal protein large subunit 16A"
"141","Cm_g34842",6.70773455838864,4.81945332624792,1.02487795667849,3.72673965847243,0.000193972630925803,0.0116357886816286,NA,NA,NA,NA,"Prupe.4G065200",6.74e-130,"AT3G58700.1","","Ribosomal L5P family protein"
"142","Cm_g35120",5.99582868503129,8.23715171134933,1.29807910940853,5.57527785394139,2.47135091976184e-08,6.21819350866744e-06,NA,NA,"K05894"," OPR; 12-oxophytodienoic acid reductase [EC:1.3.1.42]",NA,NA,NA,NA,NA
"143","Cm_g35475",11.5333467541465,4.71897146266607,0.738426557224385,5.03634576286778,4.74503115053623e-07,7.69923321675007e-05,"Nitronate monooxygenase","GO:0018580|GO:0055114",NA,NA,NA,NA,NA,NA,NA
"144","Cm_g35535",7.19236639912499,5.10238667683786,1.02489345677272,4.0027445289346,6.26119002839424e-05,0.00457369832880605,NA,NA,NA,NA,NA,NA,NA,NA,NA
"145","Cm_g35683",2.18789342798972,6.65217137421348,1.73760135117431,3.25285852844993,0.00114250363490763,0.045518367616677,NA,NA,"K03327"," TC.MATE, SLC47A, norM, mdtK, dinF; multidrug resistance protein, MATE family",NA,NA,NA,NA,NA
"146","Cm_g35685",4.49389926713582,4.75473747376296,1.14422153635811,3.28147771603193,0.00103264683815007,0.0423245025337707,"AP2/ERF domain","GO:0003700|GO:0006355",NA,NA,NA,NA,NA,NA,NA
"147","Cm_g36065",13.7638000551797,6.95269649927139,0.922152853592783,6.45521669870586,1.08064159000454e-10,4.25584848793964e-08,NA,NA,NA,NA,NA,NA,NA,NA,NA
"148","Cm_g36496",4.76090394842602,7.38915662416581,1.36654431726654,4.67541121311445,2.93365181195591e-06,0.000364013946749269,NA,NA,NA,NA,NA,NA,NA,NA,NA
"149","Cm_g37282",27.3768324053984,3.50287163817928,0.557169002157744,4.49212290792637,7.05167053721273e-06,0.000788568292914481,NA,NA,NA,NA,NA,NA,NA,NA,NA
"150","Cm_g37317",147.934954413265,-3.66474744604125,0.761730910099781,-3.49827926201943,0.000468270535143501,0.0239638107758748,NA,NA,NA,NA,NA,NA,NA,NA,NA
"151","Cm_g37453",8.24810651659777,6.40801989691644,1.07966943001646,5.00895898926581,5.47252316443371e-07,8.54657152128285e-05,"Squalene cyclase, N-terminal","",NA,NA,NA,NA,NA,NA,NA
"152","Cm_g37455",15.4864891509093,4.75950206937925,0.673557552620723,5.58156026125983,2.38370434178389e-08,6.16902683653671e-06,"Bet v I/Major latex protein","GO:0006952",NA,NA,NA,NA,NA,NA,NA
"153","Cm_g38127",12.8700579676429,9.17157030485018,1.17671565817669,6.94438817743955,3.801040156255e-12,2.86915181127982e-09,"Glutathione S-transferase, N-terminal","GO:0005515",NA,NA,NA,NA,NA,NA,NA
"154","Cm_g38128",3.8994045581589,7.33025905853772,1.43071514254793,4.42454187439737,9.66471569038495e-06,0.00104217850861318,"","",NA,NA,NA,NA,NA,NA,NA
"155","Cm_g38264",23.5010189453467,4.14322685887378,0.557794541559634,5.63509791631358,1.7495889968735e-08,4.8023567071758e-06,"Peptidase S10, serine carboxypeptidase","GO:0004185|GO:0006508",NA,NA,NA,NA,NA,NA,NA
"156","Cm_g38268",5.20434981036641,5.14333076136014,1.2670088546391,3.27016717064724,0.00107483944301207,0.0436587249991182,"Gibberellin regulated protein","",NA,NA,NA,NA,NA,NA,NA
"157","Cm_g38272",4.37563470907098,7.55265282508543,1.38791399387712,4.72122397640843,2.34429612105048e-06,0.000301129126416168,NA,NA,NA,NA,NA,NA,NA,NA,NA
"158","Cm_g38342",15.5886764976863,3.01376734051912,0.613011032245626,3.28504257605633,0.00101966962090003,0.0421742804845319,NA,NA,NA,NA,NA,NA,NA,NA,NA
"159","Cm_g3888",9.05221047764881,6.44575029553641,1.2796407612273,4.25568679940563,2.08408278988989e-05,0.00189468865497185,NA,NA,NA,NA,"Prupe.1G433100",0,"AT5G67360.1","ARA12","Subtilase family protein"
"160","Cm_g39344",7.80742063712495,6.31381191261214,1.1980068118438,4.4355439886305,9.1840075008985e-06,0.00100227397521854,NA,NA,NA,NA,NA,NA,NA,NA,NA
"161","Cm_g39678",11.6911339214478,6.17533170573363,1.29124298732074,4.00802308825867,6.12291356280964e-05,0.0045090529310512,NA,NA,NA,NA,NA,NA,NA,NA,NA
"162","Cm_g39795",10.3238297057367,4.00580653413007,0.792529984512699,3.79267231886279,0.000149034762532575,0.00937470054875046,NA,NA,"K00083"," E1.1.1.195; cinnamyl-alcohol dehydrogenase [EC:1.1.1.195]",NA,NA,NA,NA,NA
"163","Cm_g39907",13.2399838479381,6.01814506577297,1.14326850413366,4.38929704407066,1.1371765154214e-05,0.00119773777635896,NA,NA,NA,NA,NA,NA,NA,NA,NA
"164","Cm_g40147",3.38409044996177,6.19387840386651,1.44440929777279,3.59584946723566,0.000323334741573713,0.0178583298120408,NA,NA,NA,NA,NA,NA,NA,NA,NA
"165","Cm_g40438",11.0135256680306,3.42113727591172,0.711889180483286,3.40100305256509,0.000671390780946079,0.0315101434912414,"Ribosomal protein L22/L17","GO:0003735|GO:0005840|GO:0006412",NA,NA,NA,NA,NA,NA,NA
"166","Cm_g40588",4.19972216791599,6.6089177349268,1.36547472524482,4.10766866001212,3.9967290781678e-05,0.0031879652638937,NA,NA,NA,NA,NA,NA,NA,NA,NA
"167","Cm_g4073",2.87278899004347,6.02395123004706,1.49516734695213,3.36012636999349,0.000779068285247078,0.0346726736549241,"Glycoside hydrolase family 17","GO:0004553|GO:0005975",NA,NA,"Prupe.7G051800",6.64e-171,"AT3G57240.1","BG3","beta-1,3-glucanase 3"
"168","Cm_g40899",8.16506081490271,4.52582809877858,0.86742480494169,4.06470748668018,4.80927393230888e-05,0.00366070615788688,NA,NA,NA,NA,NA,NA,NA,NA,NA
"169","Cm_g41297",6.72619981818458,4.61238031566966,1.02239900228725,3.53323928093459,0.000410500753794542,0.0217445370050933,NA,NA,NA,NA,NA,NA,NA,NA,NA
"170","Cm_g41477",20.3722742053343,3.30865730787301,0.593966534591002,3.88684744581228,0.00010155453130593,0.00681393292273415,"Thioredoxin domain","GO:0045454","K03671"," trxA; thioredoxin 1",NA,NA,NA,NA,NA
"171","Cm_g41544",5.3354145180983,8.06722540143415,1.32655943323759,5.32748493913006,9.95820332766458e-08,2.05003194868149e-05,"UDP-glucuronosyl/UDP-glucosyltransferase","GO:0016758",NA,NA,NA,NA,NA,NA,NA
"172","Cm_g41692",8.81854458755956,6.43892777821457,1.07206685248157,5.07331027503068,3.90954251775939e-07,6.81012233189703e-05,NA,NA,NA,NA,NA,NA,NA,NA,NA
"173","Cm_g41871",2.77908956084375,6.11140946914357,1.54369445764078,3.3111536054585,0.000929121919780439,0.0396980488177888,NA,NA,"K03327"," TC.MATE, SLC47A, norM, mdtK, dinF; multidrug resistance protein, MATE family",NA,NA,NA,NA,NA
"174","Cm_g41980",3.09145034141546,6.44573630310353,1.57090267167375,3.46662871054976,0.000527029339788826,0.0263747611039071,"Oxoglutarate/iron-dependent dioxygenase","GO:0016491|GO:0055114",NA,NA,NA,NA,NA,NA,NA
"175","Cm_g4202",12.3089105158459,5.08807060290835,0.741897789160396,5.51028815914765,3.58246728879306e-08,8.32050992356091e-06,NA,NA,NA,NA,"Prupe.2G237000",1.35e-176,"AT2G39700.1","ATEXP4,ATEXPA4,ATHEXP ALPHA 1.6,EXPA4","expansin A4"
"176","Cm_g42367",11.5236995090078,3.45571813368626,0.64674710484149,3.79702996009256,0.000146440096394617,0.00927590484714993,NA,NA,NA,NA,NA,NA,NA,NA,NA
"177","Cm_g42590",3.1663282476768,7.20472222001628,1.52098647111093,4.0794065811015,4.51508092862314e-05,0.00352565543547141,NA,NA,"K13260"," CYP81E1_7; isoflavone/4-methoxyisoflavone 2-hydroxylase [EC:1.14.14.90 1.14.14.89]",NA,NA,NA,NA,NA
"178","Cm_g4263",9.98743982009662,3.67884846847937,0.734480146359633,3.64727145009539,0.000265039881311245,0.0150989386472784,NA,NA,NA,NA,"Prupe.3G097200",2.17e-77,"AT2G32060.2","","Ribosomal protein L7Ae/L30e/S12e/Gadd45 family protein"
"179","Cm_g4268",19.2228396726415,3.30256703841928,0.538511562958458,4.27579869551828,1.90453259474993e-05,0.00177848002507679,NA,NA,NA,NA,"Prupe.3G097700",0,"AT1G15950.1","ATCCR1,CCR1,IRX4","cinnamoyl coa reductase 1"
"180","Cm_g43332",87.2884053326526,2.4032874659653,0.364323552024067,3.85176159534315,0.000117271164684881,0.0076420302857241,"Fructose-bisphosphate aldolase, class-I","GO:0004332|GO:0006096",NA,NA,NA,NA,NA,NA,NA
"181","Cm_g43372",57.4275503509863,-3.25862184722506,0.616250399715809,-3.66510406851931,0.000247238027439513,0.0143556541829943,"Dehydrin","GO:0009415",NA,NA,NA,NA,NA,NA,NA
"182","Cm_g43452",6.99673041588818,8.41772659257924,1.26572734947725,5.86044585008199,4.6162605475833e-09,1.44186510482792e-06,NA,NA,NA,NA,NA,NA,NA,NA,NA
"183","Cm_g43541",2.2417484139706,6.65217027159141,1.75589823576501,3.218962327352,0.00128655386605204,0.0495898081646781,NA,NA,NA,NA,NA,NA,NA,NA,NA
"184","Cm_g43893",3.55525724063343,7.13761278385928,1.47050799344098,4.17380443440997,2.99554918746704e-05,0.00253585836823144,NA,NA,"K00083"," E1.1.1.195; cinnamyl-alcohol dehydrogenase [EC:1.1.1.195]",NA,NA,NA,NA,NA
"185","Cm_g43990",15.9269465157895,3.14449549688609,0.591863954703072,3.62329126456424,0.000290877956746216,0.0164673283262952,NA,NA,NA,NA,NA,NA,NA,NA,NA
"186","Cm_g44385",4.32377663576298,5.73047602140775,1.34437861048742,3.51870818570423,0.000433653420688366,0.0225749004861794,NA,NA,NA,NA,NA,NA,NA,NA,NA
"187","Cm_g44388",8.46077752091978,5.6346828243583,1.00624879644973,4.60590148352026,4.10682797190283e-06,0.000483112308694751,NA,NA,NA,NA,NA,NA,NA,NA,NA
"188","Cm_g44761",9.36702785090184,5.33027578342659,1.33391527873971,3.2462899649203,0.00116919686257041,0.0459987958851436,NA,NA,NA,NA,NA,NA,NA,NA,NA
"189","Cm_g45295",13.8334975302718,9.38916142814986,1.16834785897787,7.1803627350241,6.95267037093006e-13,6.99747646887606e-10,NA,NA,NA,NA,NA,NA,NA,NA,NA
"190","Cm_g4608",5.47059864096254,6.83131234176211,1.31449397986173,4.43616511836401,9.15756159427134e-06,0.00100227397521854,"Phytocyanin domain","GO:0009055",NA,NA,"Prupe.7G246200",5.9e-93,"AT2G25060.1","AtENODL14,ENODL14","early nodulin-like protein 14"
"191","Cm_g46361",10.271796622846,4.13594437111658,0.718833588296354,4.36254568814573,1.28557727562852e-05,0.00129386210696035,NA,NA,NA,NA,NA,NA,NA,NA,NA
"192","Cm_g4676",4.65256141653382,6.54751670195959,1.3665311399214,4.05956113248811,4.91650351662983e-05,0.00369134686791395,NA,NA,NA,NA,"Prupe.1G580100",2.98e-148,"AT5G10830.1","","S-adenosyl-L-methionine-dependent methyltransferases superfamily protein"
"193","Cm_g47087",3.06424245758966,6.11141068498894,1.52647391785654,3.34850836637048,0.00081247827696313,0.035899649915766,NA,NA,NA,NA,NA,NA,NA,NA,NA
"194","Cm_g47121",34.1983617507836,2.68734949584977,0.431264783512265,3.91256035818139,9.13227027568571e-05,0.00631451176772223,NA,NA,NA,NA,NA,NA,NA,NA,NA
"195","Cm_g47257",92.3527360216559,3.32876214972135,0.348720463391351,6.67801977283994,2.42192369209383e-11,1.15462025278873e-08,"Glyceraldehyde 3-phosphate dehydrogenase, NAD(P) binding domain","GO:0016620|GO:0055114","K00134"," GAPDH, gapA; glyceraldehyde 3-phosphate dehydrogenase [EC:1.2.1.12]",NA,NA,NA,NA,NA
"196","Cm_g47258",2.95426376353792,7.06721742427924,1.5593839388378,3.89077844985445,9.99231373734736e-05,0.0067545058084248,"NADH-ubiquinone reductase complex 1 MLRQ subunit","",NA,NA,NA,NA,NA,NA,NA
"197","Cm_g47292",6.03189329256455,7.2047358487899,1.31460870126859,4.71983476360863,2.36036299133892e-06,0.000301129126416168,NA,NA,NA,NA,NA,NA,NA,NA,NA
"198","Cm_g47654",9.53040365194851,3.73173014395355,0.792263432399543,3.44800735745169,0.000564738653558516,0.0276508255347732,NA,NA,NA,NA,NA,NA,NA,NA,NA
"199","Cm_g4783",9.82037998995606,8.62790482682701,1.92300127682153,3.96666654295463,7.28848520652427e-05,0.00515774210942944,"Oxoglutarate/iron-dependent dioxygenase","GO:0016491|GO:0055114",NA,NA,"Prupe.8G114200",6.19e-112,"AT3G19000.1","","2-oxoglutarate (2OG) and Fe(II)-dependent oxygenase superfamily protein"
"200","Cm_g47994",18.6155663004082,2.94488114438643,0.558237448636376,3.48396752875905,0.000494039422132666,0.0250000507579759,"Ribosomal protein L15e","GO:0003735|GO:0005840|GO:0006412",NA,NA,NA,NA,NA,NA,NA
"201","Cm_g48008",14.9424135269074,9.5266652342255,1.16049676246908,7.34742698987295,2.02058598241188e-13,2.61463826124097e-10,"FAD-binding domain","GO:0071949",NA,NA,NA,NA,NA,NA,NA
"202","Cm_g48035",7.0257798100352,7.55266012679348,1.29358882023308,5.0654891448527,4.0735299196412e-07,6.83296926150186e-05,NA,NA,NA,NA,NA,NA,NA,NA,NA
"203","Cm_g48225",26.7275258267851,2.77382031681253,0.537908968857135,3.29762175295434,0.000975073901995459,0.041272053291004,NA,NA,NA,NA,NA,NA,NA,NA,NA
"204","Cm_g48232",3.75523925249487,5.69371568643156,1.3699290054,3.42624739525174,0.000611982699892613,0.0294858473171664,NA,NA,NA,NA,NA,NA,NA,NA,NA
"205","Cm_g4843",7.7068498307456,3.72460396034407,0.837810551415858,3.25205257410476,0.00114574826855844,0.045518367616677,NA,NA,NA,NA,"Prupe.6G083600",2.82e-84,"AT5G59850.1","","Ribosomal protein S8 family protein"
"206","Cm_g48488",7.8618580643146,4.55394033647259,0.873551508935889,4.06838097137718,4.73409337995906e-05,0.00363401846064993,"Ribosomal protein L34Ae","GO:0003735|GO:0005840|GO:0006412",NA,NA,NA,NA,NA,NA,NA
"207","Cm_g48575",19.877826275272,3.10748376330087,0.546577505282309,3.85578210397142,0.000115360210023149,0.0075719766839832,NA,NA,NA,NA,NA,NA,NA,NA,NA
"208","Cm_g48636",22.8794242787003,4.01692120692002,0.575498085364935,5.24227844304108,1.58605782365303e-07,3.05670463120195e-05,"Hydroxymethylglutaryl-coenzyme A synthase, N-terminal","GO:0004421|GO:0008299",NA,NA,NA,NA,NA,NA,NA
"209","Cm_g48712",18.0665551529252,3.13459401011782,0.546577282482114,3.90538370058889,9.40759944257281e-05,0.00640707035720485,"K Homology domain, type 2","GO:0003723",NA,NA,NA,NA,NA,NA,NA
"210","Cm_g48817",10.4684546563897,3.42952445767408,0.731070644256915,3.323241709621,0.000889777800197125,0.0383790824485026,NA,NA,NA,NA,NA,NA,NA,NA,NA
"211","Cm_g49341",151.364476895753,-2.59137684199209,0.476722889920169,-3.33815907656244,0.000843354520202429,0.0369038900676019,"Metallothionein, family 15, plant","GO:0046872",NA,NA,NA,NA,NA,NA,NA
"212","Cm_g49829",10.714410591999,6.49282813273506,0.942481860643303,5.8280465249335,5.60799460009262e-09,1.6932405029213e-06,NA,NA,"K05894"," OPR; 12-oxophytodienoic acid reductase [EC:1.3.1.42]",NA,NA,NA,NA,NA
"213","Cm_g49830",4.60171355412489,4.95740135388469,1.08294023572743,3.65431186627436,0.000257872668807423,0.0148777747392206,NA,NA,NA,NA,NA,NA,NA,NA,NA
"214","Cm_g49877",12.8643993531976,3.80295225303328,0.682519219048427,4.10677410218744,4.01223272338135e-05,0.0031879652638937,NA,NA,NA,NA,NA,NA,NA,NA,NA
"215","Cm_g50251",4.64346012944576,7.74529785351818,1.3670065411816,4.93435667666063,8.04153697562648e-07,0.000121400403208708,NA,NA,NA,NA,NA,NA,NA,NA,NA
"216","Cm_g50580",21.8117250593723,3.53776279077726,0.536061437223286,4.73408944303562,2.20040683132773e-06,0.0002888592040314,"Peptidase S10, serine carboxypeptidase","GO:0004185|GO:0006508",NA,NA,NA,NA,NA,NA,NA
"217","Cm_g50677",3.89892414513693,6.60891348354733,1.41834843360411,3.9545384974937,7.66825244492734e-05,0.00538442098032184,NA,NA,NA,NA,NA,NA,NA,NA,NA
"218","Cm_g50838",4.257510047328,5.39312245907708,1.32843981215136,3.30697892286333,0.000943079876385284,0.0401052465741685,NA,NA,NA,NA,NA,NA,NA,NA,NA
"219","Cm_g5092",20.0144594474079,3.96807835677687,0.581375545925765,5.10526866425142,3.30324867276171e-07,5.86682872115207e-05,NA,NA,NA,NA,NA,NA,NA,NA,NA
"220","Cm_g5484",17.0229517656559,3.6048637293826,0.596381019654221,4.36778442562254,1.25513286857624e-05,0.00127741500264759,NA,NA,NA,NA,"Prupe.3G310500",0,"AT3G02040.1","SRG3","senescence-related gene 3"
"221","Cm_g5484",17.0229517656559,3.6048637293826,0.596381019654221,4.36778442562254,1.25513286857624e-05,0.00127741500264759,NA,NA,NA,NA,"Prupe.3G310500",0,"AT5G41080.1","","PLC-like phosphodiesterases superfamily protein"
"222","Cm_g549",3.57616943932329,5.73274625012069,1.40611521828274,3.36583104185495,0.00076313436028712,0.0343800644754027,NA,NA,NA,NA,"Prupe.8G223900",5.27e-98,"AT3G23250.1","ATMYB15,ATY19,MYB15","myb domain protein 15"
"223","Cm_g5979",21.7515878049764,3.11390868065632,0.563831986693048,3.74918190267049,0.000177412371363981,0.0107133417320996,NA,NA,NA,NA,"Prupe.7G005700",9.06e-44,"AT2G21580.1","","Ribosomal protein S25 family protein"
"224","Cm_g6056",36.450016779326,2.68999182277919,0.487985330419613,3.46320210348533,0.000533787295936595,0.0265661831131521,NA,NA,NA,NA,"Prupe.7G110300",4.69e-124,"AT1G08360.1","","Ribosomal protein L1p/L10e family"
"225","Cm_g6290",26.6954254361591,5.65559241953474,0.583465503791982,7.9792076639968,1.47275614068737e-15,6.67011256117308e-12,NA,NA,"K13248"," PHOSPHO2; pyridoxal phosphate phosphatase PHOSPHO2 [EC:3.1.3.74]","Prupe.3G052000",1.51e-166,"AT1G17710.1","","Pyridoxal phosphate phosphatase-related protein"
"226","Cm_g6817",9.25861448875058,4.4365598947794,0.784041631162232,4.38313446402734,1.16983857610849e-05,0.00121797676119433,NA,NA,NA,NA,"Prupe.4G252300",0,"AT1G75280.1","","NmrA-like negative transcriptional regulator family protein"
"227","Cm_g6821",3.63493038642722,5.50920958380116,1.36979601311282,3.2918840036292,0.000995186496490297,0.0415410105309176,NA,NA,NA,NA,"Prupe.6G261000",6.87e-27,"AT5G02090.1","",""
"228","Cm_g7021",4.61874836505966,4.89946946044414,1.14868130634921,3.39473571902863,0.000686948765686048,0.0320741336061043,NA,NA,NA,NA,"Prupe.6G235400",0,"AT2G37040.1","ATPAL1,PAL1","PHE ammonia lyase 1"
"229","Cm_g7077",2.34961053284083,6.83274173540931,1.71443630864385,3.40213381273004,0.000668618915035361,0.0315101434912414,"DnaJ domain","",NA,NA,"Prupe.1G558200",2.91e-39,"AT4G13830.2","J20","DNAJ-like 20"
"230","Cm_g7100",22.0787078179166,3.4681570133393,0.50224400351057,4.91425879868639,8.91189654988819e-07,0.000132334358932602,NA,NA,"K05933"," E1.14.17.4; aminocyclopropanecarboxylate oxidase [EC:1.14.17.4]","Prupe.3G209900",0,"AT1G05010.1","ACO4,EAT1,EFE","ethylene-forming enzyme"
"231","Cm_g7113",9.06897683605164,3.74151480355548,0.762959271073839,3.5932649454497,0.000326560238372209,0.0179271675101544,NA,NA,NA,NA,NA,NA,NA,NA,NA
"232","Cm_g7218",3.93460453348003,7.60327455322887,1.42303973086575,4.64026014875324,3.47970842738557e-06,0.000420255985803446,NA,NA,"K01166"," RNASET2; ribonuclease T2 [EC:4.6.1.19]","Prupe.1G275300",2.57e-123,"AT2G02990.1","ATRNS1,RNS1","ribonuclease 1"
"233","Cm_g7314",7.9981550415006,3.89051903826424,0.880683444093897,3.28213168721275,0.00103025478739119,0.0423245025337707,"Ribosomal protein S13/S15, N-terminal","GO:0003735|GO:0005840|GO:0006412",NA,NA,"Prupe.4G286400",9.1e-107,"AT4G00100.1","ATRPS13A,PFL2,RPS13,RPS13A","ribosomal protein S13A"
"234","Cm_g7443",18.5531744951204,4.13223930432344,0.622001273531717,5.03574419797988,4.75995871205569e-07,7.69923321675007e-05,"Carbohydrate kinase PfkB","",NA,NA,"Prupe.2G211700",0,"AT5G03300.1","ADK2","adenosine kinase 2"
"235","Cm_g7714",4.44097734541691,7.13761769103277,1.39227146568613,4.40834840208988,1.04161890589918e-05,0.00110999812348644,"Hydrophobic seed protein domain","",NA,NA,"Prupe.2G139500",4.3e-55,"AT2G45180.1","","Bifunctional inhibitor/lipid-transfer protein/seed storage 2S albumin superfamily protein"
"236","Cm_g7797",44.2342374911839,-4.21327511610817,0.798820537124951,-4.02252441790383,5.75776828375488e-05,0.00427490697657801,NA,NA,NA,NA,"Prupe.2G251000",0,"AT2G40140.2","ATSZF2,CZF1,SZF2,ZFAR1","zinc finger (CCCH-type) family protein"
"237","Cm_g7879",82.958026288339,2.40686308760391,0.37149071250478,3.7870747242054,0.000152431270032608,0.00952222375141632,"Adenosylhomocysteinase-like","",NA,NA,"Prupe.1G165200",0,"AT3G23810.1","ATSAHH2,SAHH2","S-adenosyl-l-homocysteine (SAH) hydrolase 2"
"238","Cm_g8047",2.87746145336526,6.41625411120745,1.57044598064418,3.44886368456032,0.000562950814522189,0.0276508255347732,NA,NA,"K00083"," E1.1.1.195; cinnamyl-alcohol dehydrogenase [EC:1.1.1.195]","Prupe.6G228800",0,"AT3G19450.1","ATCAD4,CAD,CAD-C,CAD4","GroES-like zinc-binding alcohol dehydrogenase family protein"
"239","Cm_g814",32.2677663832081,-5.83431814749687,1.49071439959792,-3.24295394798682,0.00118297330529654,0.0461869491352417,NA,NA,NA,NA,"Prupe.7G205200",0,"AT4G29780.1","",""
"240","Cm_g8554",12.3249466042762,3.31660344536205,0.643294732418386,3.601154072338,0.000316807752320751,0.01760518172099,"Aldehyde dehydrogenase domain","GO:0016491|GO:0055114","K00128"," ALDH; aldehyde dehydrogenase (NAD+) [EC:1.2.1.3]","Prupe.1G255200",0,"AT3G48000.1","ALDH2,ALDH2A,ALDH2B4","aldehyde dehydrogenase 2B4"
"241","Cm_g8593",9.70539302156019,7.48181486446,1.17153324071246,5.53276222919473,3.15226659506581e-08,7.51400811002791e-06,"NADH:flavin oxidoreductase/NADH oxidase, N-terminal","GO:0010181|GO:0016491|GO:0055114","K05894"," OPR; 12-oxophytodienoic acid reductase [EC:1.3.1.42]","Prupe.1G549100",0,"AT1G76690.1","ATOPR2,OPR2","12-oxophytodienoate reductase 2"
"242","Cm_g9020",11.8376171157268,3.59797147269652,0.761382074115771,3.41217840689731,0.000644459196053425,0.030834025250922,NA,NA,NA,NA,"Prupe.3G069000",1.1e-61,"AT3G16080.1","","Zinc-binding ribosomal protein family protein"
"243","Cm_g9209",3.27645255945389,6.20472973309672,1.5356596598534,3.3892468944542,0.000700848764169619,0.0325553236197354,"Glycoside hydrolase family 17","GO:0004553|GO:0005975",NA,NA,"Prupe.5G132700",8.89e-151,"AT1G32860.1","","Glycosyl hydrolase superfamily protein"
"244","Cm_g9565",24.260145934554,3.24417276974975,0.529160596616837,4.24100506367587,2.22521115986635e-05,0.00197607477314406,"Glutathione S-transferase, N-terminal","GO:0005515",NA,NA,"Prupe.6G244700",9.78e-127,"AT5G02790.1","GSTL3","Glutathione S-transferase family protein"
"245","Cm_g9602",2.29750935020651,6.83273884509379,1.73358931799882,3.3645447537868,0.000766700488411498,0.0343800644754027,NA,NA,NA,NA,"Prupe.3G032700",2.63e-156,"AT5G40990.1","GLIP1","GDSL lipase 1"
"246","Cm_g9747",5.16637790604401,7.83276330823391,1.32940222561014,5.13972609388251,2.75139247103183e-07,4.99908827282366e-05,"Dirigent protein","",NA,NA,"Prupe.3G215100",3.73e-55,"AT5G42510.1","","Disease resistance-responsive (dirigent-like protein) family protein"
"247","Cm_g9833",2.50957383434539,6.99320163190427,1.69262920832137,3.54076462963078,0.000398969318404167,0.0212580240359114,NA,NA,NA,NA,"Prupe.2G233900",9.94e-48,"AT2G39518.1","","Uncharacterised protein family (UPF0497)"
"248","Cm_g993",3.86926898635361,5.92394590972365,1.34830929372725,3.65194094013247,0.000260265748749386,0.0149208047605819,"Cytidine and deoxycytidylate deaminase domain","",NA,NA,"Prupe.6G339100",6.21e-121,"AT5G28050.2","","Cytidine/deoxycytidylate deaminase family protein"
"249","Cm_g994",15.6023545480577,3.02544350598253,0.614500494930075,3.29608116298264,0.000980436859391656,0.0413060328947424,"Ribosomal protein S24e","GO:0003735|GO:0005840|GO:0006412",NA,NA,"Prupe.6G339300",5.38e-85,"AT5G28060.1","","Ribosomal protein S24e family protein"
"250","Cm_g9977",3.76930482245387,7.06722877819451,1.40930956518855,4.30510721566186,1.66904881344618e-05,0.00159139412128373,"Glutathione S-transferase, N-terminal","GO:0005515",NA,NA,"Prupe.6G265000",3.8e-92,"AT3G09270.1","ATGSTU8,GSTU8","glutathione S-transferase TAU 8"
"251","Cm_g9978",7.23022049315397,7.20473756004706,1.28099581067233,4.84368294443561,1.27454257831274e-06,0.000183442631512508,"Alcohol dehydrogenase, C-terminal","GO:0055114","K00083"," E1.1.1.195; cinnamyl-alcohol dehydrogenase [EC:1.1.1.195]","Prupe.6G207300",0,"AT4G37990.1","ATCAD8,CAD-B2,ELI3,ELI3-2","elicitor-activated gene 3-2"
